Date,Value
1/8/2025,"5,917.02"
12/1/2024,"6,065.11"
11/1/2024,"5,929.92"
10/1/2024,"5,792.32"
9/1/2024,"5,621.26"
8/1/2024,"5,478.21"
7/1/2024,"5,538.00"
6/1/2024,"5,415.14"
5/1/2024,"5,235.22"
4/1/2024,"5,112.49"
3/1/2024,"5,170.57"
2/1/2024,"5,011.96"
1/1/2024,"4,804.49"
12/1/2023,"4,685.05"
11/1/2023,"4,460.06"
10/1/2023,"4,258.98"
9/1/2023,"4,409.10"
8/1/2023,"4,426.24"
7/1/2023,"4,508.08"
6/1/2023,"4,345.37"
5/1/2023,"4,146.17"
4/1/2023,"4,121.47"
3/1/2023,"3,968.56"
2/1/2023,"4,079.68"
1/1/2023,"3,960.66"
12/1/2022,"3,912.38"
11/1/2022,"3,917.49"
10/1/2022,"3,726.05"
9/1/2022,"3,850.52"
8/1/2022,"4,158.56"
7/1/2022,"3,911.73"
6/1/2022,"3,898.95"
5/1/2022,"4,040.36"
4/1/2022,"4,391.30"
3/1/2022,"4,391.27"
2/1/2022,"4,435.98"
1/1/2022,"4,573.82"
12/1/2021,"4,674.77"
11/1/2021,"4,667.39"
10/1/2021,"4,460.71"
9/1/2021,"4,445.54"
8/1/2021,"4,454.21"
7/1/2021,"4,363.71"
6/1/2021,"4,238.49"
5/1/2021,"4,167.85"
4/1/2021,"4,141.18"
3/1/2021,"3,910.51"
2/1/2021,"3,883.43"
1/1/2021,"3,793.75"
12/1/2020,"3,695.31"
11/1/2020,"3,548.99"
10/1/2020,"3,418.70"
9/1/2020,"3,365.52"
8/1/2020,"3,391.71"
7/1/2020,"3,207.62"
6/1/2020,"3,104.66"
5/1/2020,"2,919.61"
4/1/2020,"2,761.98"
3/1/2020,"2,652.39"
2/1/2020,"3,277.31"
1/1/2020,"3,278.20"
12/1/2019,"3,176.75"
11/1/2019,"3,104.90"
10/1/2019,"2,977.68"
9/1/2019,"2,982.16"
8/1/2019,"2,897.50"
7/1/2019,"2,996.11"
6/1/2019,"2,890.17"
5/1/2019,"2,854.71"
4/1/2019,"2,903.80"
3/1/2019,"2,803.98"
2/1/2019,"2,754.86"
1/1/2019,"2,607.39"
12/1/2018,"2,567.31"
11/1/2018,"2,723.23"
10/1/2018,"2,785.46"
9/1/2018,"2,901.50"
8/1/2018,"2,857.82"
7/1/2018,"2,793.64"
6/1/2018,"2,754.35"
5/1/2018,"2,701.49"
4/1/2018,"2,653.63"
3/1/2018,"2,702.77"
2/1/2018,"2,705.16"
1/1/2018,"2,789.80"
12/1/2017,"2,664.34"
11/1/2017,"2,593.61"
10/1/2017,"2,557.00"
9/1/2017,"2,492.84"
8/1/2017,"2,456.22"
7/1/2017,"2,454.10"
6/1/2017,"2,433.99"
5/1/2017,"2,395.35"
4/1/2017,"2,359.31"
3/1/2017,"2,366.82"
2/1/2017,"2,329.91"
1/1/2017,"2,275.12"
12/1/2016,"2,246.63"
11/1/2016,"2,164.99"
10/1/2016,"2,143.02"
9/1/2016,"2,157.69"
8/1/2016,"2,170.95"
7/1/2016,"2,148.90"
6/1/2016,"2,083.89"
5/1/2016,"2,065.55"
4/1/2016,"2,075.54"
3/1/2016,"2,021.95"
2/1/2016,"1,904.42"
1/1/2016,"1,918.60"
12/1/2015,"2,054.08"
11/1/2015,"2,080.62"
10/1/2015,"2,024.81"
9/1/2015,"1,944.41"
8/1/2015,"2,039.87"
7/1/2015,"2,094.14"
6/1/2015,"2,099.29"
5/1/2015,"2,111.94"
4/1/2015,"2,094.86"
3/1/2015,"2,079.99"
2/1/2015,"2,082.20"
1/1/2015,"2,028.18"
12/1/2014,"2,054.27"
11/1/2014,"2,044.57"
10/1/2014,"1,937.27"
9/1/2014,"1,993.23"
8/1/2014,"1,961.53"
7/1/2014,"1,973.10"
6/1/2014,"1,947.09"
5/1/2014,"1,889.77"
4/1/2014,"1,864.26"
3/1/2014,"1,863.52"
2/1/2014,"1,817.04"
1/1/2014,"1,822.36"
12/1/2013,"1,807.78"
11/1/2013,"1,783.54"
10/1/2013,"1,720.03"
9/1/2013,"1,687.17"
8/1/2013,"1,670.09"
7/1/2013,"1,668.68"
6/1/2013,"1,618.77"
5/1/2013,"1,639.84"
4/1/2013,"1,570.70"
3/1/2013,"1,550.83"
2/1/2013,"1,512.31"
1/1/2013,"1,480.40"
12/1/2012,"1,422.29"
11/1/2012,"1,394.51"
10/1/2012,"1,437.82"
9/1/2012,"1,443.42"
8/1/2012,"1,403.45"
7/1/2012,"1,359.78"
6/1/2012,"1,323.48"
5/1/2012,"1,341.27"
4/1/2012,"1,386.43"
3/1/2012,"1,389.24"
2/1/2012,"1,352.49"
1/1/2012,"1,300.58"
12/1/2011,"1,243.32"
11/1/2011,"1,226.42"
10/1/2011,"1,207.22"
9/1/2011,"1,173.88"
8/1/2011,"1,185.31"
7/1/2011,"1,325.19"
6/1/2011,"1,287.29"
5/1/2011,"1,338.31"
4/1/2011,"1,331.51"
3/1/2011,"1,304.49"
2/1/2011,"1,321.12"
1/1/2011,"1,282.62"
12/1/2010,"1,241.53"
11/1/2010,"1,198.89"
10/1/2010,"1,171.58"
9/1/2010,"1,122.08"
8/1/2010,"1,087.28"
7/1/2010,"1,079.80"
6/1/2010,"1,083.36"
5/1/2010,"1,125.06"
4/1/2010,"1,197.32"
3/1/2010,"1,152.05"
2/1/2010,"1,089.16"
1/1/2010,"1,123.58"
12/1/2009,"1,110.38"
11/1/2009,"1,088.07"
10/1/2009,"1,067.66"
9/1/2009,"1,044.55"
8/1/2009,"1,009.73"
7/1/2009,935.82
6/1/2009,926.12
5/1/2009,902.41
4/1/2009,848.15
3/1/2009,757.13
2/1/2009,805.23
1/1/2009,865.58
12/1/2008,877.56
11/1/2008,883.04
10/1/2008,968.80
9/1/2008,"1,216.95"
8/1/2008,"1,281.47"
7/1/2008,"1,257.33"
6/1/2008,"1,341.25"
5/1/2008,"1,403.22"
4/1/2008,"1,370.47"
3/1/2008,"1,316.94"
2/1/2008,"1,354.87"
1/1/2008,"1,378.76"
12/1/2007,"1,479.22"
11/1/2007,"1,463.39"
10/1/2007,"1,539.66"
9/1/2007,"1,497.12"
8/1/2007,"1,454.62"
7/1/2007,"1,520.71"
6/1/2007,"1,514.19"
5/1/2007,"1,511.14"
4/1/2007,"1,463.64"
3/1/2007,"1,406.95"
2/1/2007,"1,444.80"
1/1/2007,"1,424.16"
12/1/2006,"1,416.42"
11/1/2006,"1,388.64"
10/1/2006,"1,363.38"
9/1/2006,"1,317.74"
8/1/2006,"1,287.15"
7/1/2006,"1,260.24"
6/1/2006,"1,253.17"
5/1/2006,"1,290.01"
4/1/2006,"1,302.17"
3/1/2006,"1,293.74"
2/1/2006,"1,276.65"
1/1/2006,"1,278.73"
12/1/2005,"1,262.07"
11/1/2005,"1,237.37"
10/1/2005,"1,191.96"
9/1/2005,"1,225.92"
8/1/2005,"1,224.27"
7/1/2005,"1,222.24"
6/1/2005,"1,202.25"
5/1/2005,"1,178.28"
4/1/2005,"1,164.43"
3/1/2005,"1,194.90"
2/1/2005,"1,199.63"
1/1/2005,"1,181.41"
12/1/2004,"1,199.21"
11/1/2004,"1,168.94"
10/1/2004,"1,117.21"
9/1/2004,"1,117.66"
8/1/2004,"1,088.94"
7/1/2004,"1,105.85"
6/1/2004,"1,132.76"
5/1/2004,"1,102.78"
4/1/2004,"1,133.36"
3/1/2004,"1,123.98"
2/1/2004,"1,143.36"
1/1/2004,"1,132.52"
12/1/2003,"1,080.64"
11/1/2003,"1,049.90"
10/1/2003,"1,038.73"
9/1/2003,"1,019.44"
8/1/2003,989.53
7/1/2003,992.54
6/1/2003,988.00
5/1/2003,935.96
4/1/2003,890.03
3/1/2003,846.63
2/1/2003,837.03
1/1/2003,895.84
12/1/2002,899.18
11/1/2002,909.93
10/1/2002,854.63
9/1/2002,867.81
8/1/2002,912.55
7/1/2002,903.59
6/1/2002,"1,014.02"
5/1/2002,"1,079.25"
4/1/2002,"1,111.93"
3/1/2002,"1,153.79"
2/1/2002,"1,100.67"
1/1/2002,"1,140.21"
12/1/2001,"1,144.93"
11/1/2001,"1,129.68"
10/1/2001,"1,076.59"
9/1/2001,"1,044.64"
8/1/2001,"1,178.50"
7/1/2001,"1,204.45"
6/1/2001,"1,238.71"
5/1/2001,"1,270.37"
4/1/2001,"1,189.84"
3/1/2001,"1,185.85"
2/1/2001,"1,305.75"
1/1/2001,"1,335.63"
12/1/2000,"1,330.93"
11/1/2000,"1,378.04"
10/1/2000,"1,390.14"
9/1/2000,"1,468.05"
8/1/2000,"1,485.46"
7/1/2000,"1,473.00"
6/1/2000,"1,461.96"
5/1/2000,"1,418.48"
4/1/2000,"1,461.36"
3/1/2000,"1,442.21"
2/1/2000,"1,388.87"
1/1/2000,"1,425.59"
12/1/1999,"1,428.68"
11/1/1999,"1,391.00"
10/1/1999,"1,300.01"
9/1/1999,"1,318.17"
8/1/1999,"1,327.49"
7/1/1999,"1,380.99"
6/1/1999,"1,322.55"
5/1/1999,"1,332.07"
4/1/1999,"1,334.76"
3/1/1999,"1,281.66"
2/1/1999,"1,246.58"
1/1/1999,"1,248.77"
12/1/1998,"1,190.05"
11/1/1998,"1,144.43"
10/1/1998,"1,032.47"
9/1/1998,"1,020.64"
8/1/1998,"1,074.62"
7/1/1998,"1,156.58"
6/1/1998,"1,108.39"
5/1/1998,"1,108.42"
4/1/1998,"1,112.20"
3/1/1998,"1,076.83"
2/1/1998,"1,023.74"
1/1/1998,963.36
12/1/1997,962.37
11/1/1997,938.92
10/1/1997,951.16
9/1/1997,937.02
8/1/1997,927.24
7/1/1997,925.29
6/1/1997,876.29
5/1/1997,833.09
4/1/1997,763.93
3/1/1997,792.16
2/1/1997,798.39
1/1/1997,766.22
12/1/1996,743.25
11/1/1996,735.67
10/1/1996,701.46
9/1/1996,674.88
8/1/1996,662.68
7/1/1996,644.07
6/1/1996,668.50
5/1/1996,661.23
4/1/1996,647.17
3/1/1996,647.07
2/1/1996,649.54
1/1/1996,614.42
12/1/1995,614.57
11/1/1995,595.53
10/1/1995,582.92
9/1/1995,578.77
8/1/1995,559.11
7/1/1995,557.37
6/1/1995,539.35
5/1/1995,523.81
4/1/1995,507.91
3/1/1995,493.15
2/1/1995,481.92
1/1/1995,465.25
12/1/1994,455.19
11/1/1994,461.01
10/1/1994,463.81
9/1/1994,466.96
8/1/1994,464.24
7/1/1994,451.40
6/1/1994,454.83
5/1/1994,450.90
4/1/1994,447.23
3/1/1994,463.81
2/1/1994,471.58
1/1/1994,472.99
12/1/1993,465.95
11/1/1993,462.89
10/1/1993,463.90
9/1/1993,459.24
8/1/1993,454.13
7/1/1993,447.29
6/1/1993,448.06
5/1/1993,445.25
4/1/1993,443.08
3/1/1993,450.16
2/1/1993,441.70
1/1/1993,435.23
12/1/1992,435.64
11/1/1992,422.84
10/1/1992,412.50
9/1/1992,418.48
8/1/1992,417.93
7/1/1992,415.05
6/1/1992,408.27
5/1/1992,414.81
4/1/1992,407.41
3/1/1992,407.36
2/1/1992,412.56
1/1/1992,416.08
12/1/1991,388.51
11/1/1991,385.92
10/1/1991,386.88
9/1/1991,387.20
8/1/1991,389.40
7/1/1991,380.23
6/1/1991,378.29
5/1/1991,377.99
4/1/1991,379.68
3/1/1991,372.28
2/1/1991,362.26
1/1/1991,325.49
12/1/1990,328.75
11/1/1990,315.29
10/1/1990,307.12
9/1/1990,315.41
8/1/1990,330.75
7/1/1990,360.03
6/1/1990,360.39
5/1/1990,350.25
4/1/1990,338.18
3/1/1990,338.46
2/1/1990,330.45
1/1/1990,339.97
12/1/1989,348.60
11/1/1989,340.20
10/1/1989,347.40
9/1/1989,347.30
8/1/1989,346.60
7/1/1989,331.90
6/1/1989,323.70
5/1/1989,313.90
4/1/1989,302.30
3/1/1989,292.70
2/1/1989,294.00
1/1/1989,285.40
12/1/1988,276.50
11/1/1988,271.00
10/1/1988,277.40
9/1/1988,268.00
8/1/1988,263.70
7/1/1988,269.10
6/1/1988,270.70
5/1/1988,256.10
4/1/1988,262.60
3/1/1988,265.70
2/1/1988,258.10
1/1/1988,250.50
12/1/1987,241.00
11/1/1987,245.00
10/1/1987,280.20
9/1/1987,318.70
8/1/1987,329.40
7/1/1987,310.10
6/1/1987,301.40
5/1/1987,289.10
4/1/1987,289.30
3/1/1987,292.50
2/1/1987,280.90
1/1/1987,264.50
12/1/1986,248.60
11/1/1986,245.10
10/1/1986,237.40
9/1/1986,238.30
8/1/1986,245.00
7/1/1986,240.20
6/1/1986,245.30
5/1/1986,238.50
4/1/1986,238.00
3/1/1986,232.30
2/1/1986,219.40
1/1/1986,208.20
12/1/1985,207.30
11/1/1985,197.50
10/1/1985,186.20
9/1/1985,184.10
8/1/1985,188.30
7/1/1985,192.50
6/1/1985,188.90
5/1/1985,184.90
4/1/1985,180.60
3/1/1985,179.40
2/1/1985,180.90
1/1/1985,171.60
12/1/1984,164.50
11/1/1984,166.30
10/1/1984,164.80
9/1/1984,166.10
8/1/1984,164.40
7/1/1984,151.10
6/1/1984,153.10
5/1/1984,156.60
4/1/1984,157.60
3/1/1984,157.40
2/1/1984,157.30
1/1/1984,166.40
12/1/1983,164.40
11/1/1983,165.20
10/1/1983,167.70
9/1/1983,167.20
8/1/1983,162.40
7/1/1983,167.00
6/1/1983,166.40
5/1/1983,164.10
4/1/1983,157.70
3/1/1983,151.90
2/1/1983,146.80
1/1/1983,144.30
12/1/1982,139.40
11/1/1982,138.10
10/1/1982,132.70
9/1/1982,122.40
8/1/1982,109.70
7/1/1982,109.40
6/1/1982,109.70
5/1/1982,116.40
4/1/1982,116.30
3/1/1982,110.80
2/1/1982,114.50
1/1/1982,117.30
12/1/1981,123.80
11/1/1981,122.90
10/1/1981,119.80
9/1/1981,118.30
8/1/1981,129.60
7/1/1981,129.10
6/1/1981,132.30
5/1/1981,131.70
4/1/1981,134.40
3/1/1981,133.20
2/1/1981,128.40
1/1/1981,133.00
12/1/1980,133.50
11/1/1980,135.70
10/1/1980,130.20
9/1/1980,126.50
8/1/1980,123.50
7/1/1980,119.80
6/1/1980,114.60
5/1/1980,107.70
4/1/1980,103.00
3/1/1980,104.70
2/1/1980,115.30
1/1/1980,110.90
12/1/1979,107.80
11/1/1979,103.70
10/1/1979,104.50
9/1/1979,108.60
8/1/1979,107.40
7/1/1979,102.70
6/1/1979,101.70
5/1/1979,99.73
4/1/1979,102.10
3/1/1979,100.10
2/1/1979,98.23
1/1/1979,99.71
12/1/1978,96.11
11/1/1978,94.71
10/1/1978,100.60
9/1/1978,103.90
8/1/1978,103.90
7/1/1978,97.19
6/1/1978,97.66
5/1/1978,97.41
4/1/1978,92.71
3/1/1978,88.82
2/1/1978,88.98
1/1/1978,90.25
12/1/1977,93.82
11/1/1977,94.28
10/1/1977,93.74
9/1/1977,96.23
8/1/1977,97.75
7/1/1977,100.20
6/1/1977,99.29
5/1/1977,98.76
4/1/1977,99.05
3/1/1977,100.60
2/1/1977,101.00
1/1/1977,103.80
12/1/1976,104.70
11/1/1976,101.20
10/1/1976,101.90
9/1/1976,105.50
8/1/1976,103.30
7/1/1976,104.20
6/1/1976,101.80
5/1/1976,101.20
4/1/1976,101.90
3/1/1976,101.10
2/1/1976,100.60
1/1/1976,96.86
12/1/1975,88.70
11/1/1975,90.07
10/1/1975,88.57
9/1/1975,84.67
8/1/1975,85.71
7/1/1975,92.49
6/1/1975,92.40
5/1/1975,90.10
4/1/1975,84.72
3/1/1975,83.78
2/1/1975,80.10
1/1/1975,72.56
12/1/1974,67.07
11/1/1974,71.74
10/1/1974,69.44
9/1/1974,68.12
8/1/1974,76.03
7/1/1974,79.31
6/1/1974,89.79
5/1/1974,89.67
4/1/1974,92.46
3/1/1974,97.44
2/1/1974,93.45
1/1/1974,96.11
12/1/1973,94.78
11/1/1973,102.00
10/1/1973,109.80
9/1/1973,105.60
8/1/1973,103.80
7/1/1973,105.80
6/1/1973,104.80
5/1/1973,107.20
4/1/1973,110.30
3/1/1973,112.40
2/1/1973,114.20
1/1/1973,118.40
12/1/1972,117.50
11/1/1972,115.10
10/1/1972,109.60
9/1/1972,109.40
8/1/1972,111.00
7/1/1972,107.20
6/1/1972,108.00
5/1/1972,107.70
4/1/1972,108.80
3/1/1972,107.70
2/1/1972,105.20
1/1/1972,103.30
12/1/1971,99.17
11/1/1971,92.78
10/1/1971,97.29
9/1/1971,99.40
8/1/1971,97.24
7/1/1971,99.00
6/1/1971,99.72
5/1/1971,101.60
4/1/1971,103.00
3/1/1971,99.60
2/1/1971,97.11
1/1/1971,93.49
12/1/1970,90.05
11/1/1970,84.28
10/1/1970,84.37
9/1/1970,82.58
8/1/1970,77.92
7/1/1970,75.72
6/1/1970,75.59
5/1/1970,76.06
4/1/1970,85.95
3/1/1970,88.65
2/1/1970,87.16
1/1/1970,90.31
12/1/1969,91.11
11/1/1969,96.21
10/1/1969,95.52
9/1/1969,94.51
8/1/1969,94.18
7/1/1969,94.71
6/1/1969,99.14
5/1/1969,104.60
4/1/1969,101.30
3/1/1969,99.30
2/1/1969,101.50
1/1/1969,102.00
12/1/1968,106.50
11/1/1968,105.40
10/1/1968,103.80
9/1/1968,101.30
8/1/1968,98.11
7/1/1968,100.30
6/1/1968,100.50
5/1/1968,97.87
4/1/1968,95.67
3/1/1968,89.09
2/1/1968,90.75
1/1/1968,95.04
12/1/1967,95.30
11/1/1967,92.66
10/1/1967,95.66
9/1/1967,95.81
8/1/1967,94.49
7/1/1967,93.01
6/1/1967,91.43
5/1/1967,92.59
4/1/1967,90.96
3/1/1967,89.42
2/1/1967,87.36
1/1/1967,84.45
12/1/1966,81.33
11/1/1966,80.99
10/1/1966,77.13
9/1/1966,77.81
8/1/1966,80.65
7/1/1966,85.84
6/1/1966,86.06
5/1/1966,86.78
4/1/1966,91.60
3/1/1966,88.88
2/1/1966,92.69
1/1/1966,93.32
12/1/1965,91.73
11/1/1965,92.15
10/1/1965,91.39
9/1/1965,89.38
8/1/1965,86.49
7/1/1965,84.91
6/1/1965,85.04
5/1/1965,89.28
4/1/1965,87.97
3/1/1965,86.83
2/1/1965,86.75
1/1/1965,86.12
12/1/1964,83.96
11/1/1964,85.44
10/1/1964,84.85
9/1/1964,83.41
8/1/1964,82.00
7/1/1964,83.22
6/1/1964,80.24
5/1/1964,80.72
4/1/1964,79.94
3/1/1964,78.80
2/1/1964,77.39
1/1/1964,76.45
12/1/1963,74.17
11/1/1963,72.62
10/1/1963,73.03
9/1/1963,72.85
8/1/1963,70.98
7/1/1963,69.07
6/1/1963,70.11
5/1/1963,70.14
4/1/1963,68.76
3/1/1963,65.67
2/1/1963,65.92
1/1/1963,65.06
12/1/1962,62.64
11/1/1962,60.04
10/1/1962,56.17
9/1/1962,58.00
8/1/1962,58.52
7/1/1962,56.97
6/1/1962,55.63
5/1/1962,62.99
4/1/1962,68.05
3/1/1962,70.29
2/1/1962,70.22
1/1/1962,69.07
12/1/1961,71.74
11/1/1961,71.08
10/1/1961,68.00
9/1/1961,67.26
8/1/1961,67.79
7/1/1961,65.44
6/1/1961,65.62
5/1/1961,66.50
4/1/1961,65.83
3/1/1961,64.12
2/1/1961,62.17
1/1/1961,59.72
12/1/1960,56.80
11/1/1960,55.47
10/1/1960,53.73
9/1/1960,54.81
8/1/1960,56.51
7/1/1960,55.84
6/1/1960,57.26
5/1/1960,55.22
4/1/1960,55.73
3/1/1960,55.02
2/1/1960,55.78
1/1/1960,58.03
12/1/1959,59.06
11/1/1959,57.23
10/1/1959,57.00
9/1/1959,57.05
8/1/1959,59.40
7/1/1959,59.74
6/1/1959,57.46
5/1/1959,57.96
4/1/1959,57.10
3/1/1959,56.16
2/1/1959,54.77
1/1/1959,55.62
12/1/1958,53.49
11/1/1958,52.50
10/1/1958,50.95
9/1/1958,48.96
8/1/1958,47.70
7/1/1958,45.98
6/1/1958,44.75
5/1/1958,43.70
4/1/1958,42.34
3/1/1958,42.11
2/1/1958,41.26
1/1/1958,41.12
12/1/1957,40.33
11/1/1957,40.35
10/1/1957,41.24
9/1/1957,43.98
8/1/1957,45.84
7/1/1957,48.51
6/1/1957,47.55
5/1/1957,46.78
4/1/1957,45.05
3/1/1957,44.03
2/1/1957,43.47
1/1/1957,45.43
12/1/1956,46.44
11/1/1956,45.76
10/1/1956,46.24
9/1/1956,46.84
8/1/1956,48.49
7/1/1956,48.78
6/1/1956,46.27
5/1/1956,46.54
4/1/1956,48.05
3/1/1956,47.49
2/1/1956,44.43
1/1/1956,44.15
12/1/1955,45.37
11/1/1955,44.95
10/1/1955,42.11
9/1/1955,44.34
8/1/1955,42.43
7/1/1955,42.69
6/1/1955,39.78
5/1/1955,37.60
4/1/1955,37.76
3/1/1955,36.50
2/1/1955,36.79
1/1/1955,35.60
12/1/1954,34.97
11/1/1954,33.44
10/1/1954,32.18
9/1/1954,31.45
8/1/1954,30.73
7/1/1954,30.13
6/1/1954,28.96
5/1/1954,28.73
4/1/1954,27.63
3/1/1954,26.57
2/1/1954,26.02
1/1/1954,25.46
12/1/1953,24.83
11/1/1953,24.50
10/1/1953,23.97
9/1/1953,23.27
8/1/1953,24.39
7/1/1953,24.29
6/1/1953,23.95
5/1/1953,24.84
4/1/1953,24.71
3/1/1953,25.99
2/1/1953,25.86
1/1/1953,26.18
12/1/1952,26.04
11/1/1952,25.03
10/1/1952,24.26
9/1/1952,24.78
8/1/1952,25.18
7/1/1952,25.08
6/1/1952,24.38
5/1/1952,23.73
4/1/1952,23.74
3/1/1952,23.81
2/1/1952,23.75
1/1/1952,24.19
12/1/1951,23.41
11/1/1951,22.71
10/1/1951,23.36
9/1/1951,23.48
8/1/1951,22.89
7/1/1951,21.93
6/1/1951,21.55
5/1/1951,21.93
4/1/1951,21.92
3/1/1951,21.63
2/1/1951,22.00
1/1/1951,21.21
12/1/1950,19.75
11/1/1950,19.83
10/1/1950,19.87
9/1/1950,19.08
8/1/1950,18.43
7/1/1950,17.38
6/1/1950,18.74
5/1/1950,18.44
4/1/1950,17.84
3/1/1950,17.35
2/1/1950,17.21
1/1/1950,16.88
12/1/1949,16.54
11/1/1949,16.11
10/1/1949,15.89
9/1/1949,15.49
8/1/1949,15.29
7/1/1949,14.76
6/1/1949,13.97
5/1/1949,14.78
4/1/1949,14.89
3/1/1949,14.91
2/1/1949,14.77
1/1/1949,15.36
12/1/1948,15.19
11/1/1948,15.29
10/1/1948,16.19
9/1/1948,15.76
8/1/1948,15.94
7/1/1948,16.42
6/1/1948,16.82
5/1/1948,16.15
4/1/1948,15.40
3/1/1948,14.30
2/1/1948,14.10
1/1/1948,14.83
12/1/1947,15.03
11/1/1947,15.27
10/1/1947,15.45
9/1/1947,15.06
8/1/1947,15.46
7/1/1947,15.77
6/1/1947,14.84
5/1/1947,14.34
4/1/1947,14.60
3/1/1947,15.16
2/1/1947,15.80
1/1/1947,15.21
12/1/1946,15.13
11/1/1946,14.69
10/1/1946,14.75
9/1/1946,15.09
8/1/1946,17.70
7/1/1946,18.05
6/1/1946,18.58
5/1/1946,18.70
4/1/1946,18.66
3/1/1946,17.53
2/1/1946,18.07
1/1/1946,18.02
12/1/1945,17.33
11/1/1945,17.04
10/1/1945,16.50
9/1/1945,15.84
8/1/1945,14.83
7/1/1945,14.78
6/1/1945,15.09
5/1/1945,14.82
4/1/1945,14.28
3/1/1945,13.93
2/1/1945,13.94
1/1/1945,13.49
12/1/1944,13.10
11/1/1944,12.82
10/1/1944,12.91
9/1/1944,12.60
8/1/1944,12.81
7/1/1944,13.00
6/1/1944,12.67
5/1/1944,12.10
4/1/1944,11.89
3/1/1944,12.10
2/1/1944,11.77
1/1/1944,11.85
12/1/1943,11.48
11/1/1943,11.33
10/1/1943,11.88
9/1/1943,11.99
8/1/1943,11.74
7/1/1943,12.35
6/1/1943,12.10
5/1/1943,11.89
4/1/1943,11.44
3/1/1943,11.07
2/1/1943,10.69
1/1/1943,10.09
12/1/1942,9.52
11/1/1942,9.47
10/1/1942,9.32
9/1/1942,8.68
8/1/1942,8.59
7/1/1942,8.64
6/1/1942,8.33
5/1/1942,7.93
4/1/1942,7.84
3/1/1942,8.18
2/1/1942,8.65
1/1/1942,8.93
12/1/1941,8.76
11/1/1941,9.37
10/1/1941,9.83
9/1/1941,10.24
8/1/1941,10.21
7/1/1941,10.26
6/1/1941,9.76
5/1/1941,9.43
4/1/1941,9.64
3/1/1941,9.95
2/1/1941,9.89
1/1/1941,10.55
12/1/1940,10.53
11/1/1940,10.98
10/1/1940,10.73
9/1/1940,10.63
8/1/1940,10.20
7/1/1940,9.99
6/1/1940,9.67
5/1/1940,10.58
4/1/1940,12.27
3/1/1940,12.15
2/1/1940,12.22
1/1/1940,12.30
12/1/1939,12.37
11/1/1939,12.67
10/1/1939,12.90
9/1/1939,12.77
8/1/1939,11.54
7/1/1939,11.71
6/1/1939,11.43
5/1/1939,11.23
4/1/1939,10.83
3/1/1939,12.39
2/1/1939,12.40
1/1/1939,12.50
12/1/1938,12.69
11/1/1938,13.07
10/1/1938,13.06
9/1/1938,11.75
8/1/1938,12.31
7/1/1938,12.24
6/1/1938,10.21
5/1/1938,9.98
4/1/1938,9.89
3/1/1938,10.31
2/1/1938,11.04
1/1/1938,11.31
12/1/1937,11.02
11/1/1937,11.20
10/1/1937,12.28
9/1/1937,14.37
8/1/1937,16.74
7/1/1937,16.57
6/1/1937,15.64
5/1/1937,16.25
4/1/1937,17.01
3/1/1937,18.09
2/1/1937,18.11
1/1/1937,17.59
12/1/1936,17.06
11/1/1936,17.36
10/1/1936,16.89
9/1/1936,16.05
8/1/1936,15.87
7/1/1936,15.56
6/1/1936,14.69
5/1/1936,14.09
4/1/1936,14.88
3/1/1936,14.86
2/1/1936,14.55
1/1/1936,13.76
12/1/1935,13.04
11/1/1935,13.04
10/1/1935,11.92
9/1/1935,11.61
8/1/1935,11.37
7/1/1935,10.65
6/1/1935,10.12
5/1/1935,9.75
4/1/1935,9.04
3/1/1935,8.41
2/1/1935,8.98
1/1/1935,9.26
12/1/1934,9.26
11/1/1934,9.20
10/1/1934,8.95
9/1/1934,8.88
8/1/1934,9.10
7/1/1934,9.47
6/1/1934,9.94
5/1/1934,9.81
4/1/1934,10.92
3/1/1934,10.74
2/1/1934,11.32
1/1/1934,10.54
12/1/1933,9.97
11/1/1933,9.78
10/1/1933,9.55
9/1/1933,10.58
8/1/1933,10.67
7/1/1933,11.23
6/1/1933,10.39
5/1/1933,8.87
4/1/1933,6.89
3/1/1933,6.23
2/1/1933,6.25
1/1/1933,7.09
12/1/1932,6.82
11/1/1932,7.05
10/1/1932,7.12
9/1/1932,8.26
8/1/1932,7.53
7/1/1932,5.01
6/1/1932,4.77
5/1/1932,5.51
4/1/1932,6.28
3/1/1932,8.26
2/1/1932,8.23
1/1/1932,8.30
12/1/1931,8.44
11/1/1931,10.39
10/1/1931,10.25
9/1/1931,11.83
8/1/1931,13.90
7/1/1931,14.33
6/1/1931,13.87
5/1/1931,14.33
4/1/1931,15.86
3/1/1931,17.53
2/1/1931,17.20
1/1/1931,15.98
12/1/1930,15.51
11/1/1930,16.62
10/1/1930,17.92
9/1/1930,20.78
8/1/1930,20.79
7/1/1930,21.06
6/1/1930,21.52
5/1/1930,23.94
4/1/1930,25.46
3/1/1930,23.94
2/1/1930,23.07
1/1/1930,21.71
12/1/1929,21.40
11/1/1929,20.58
10/1/1929,27.99
9/1/1929,31.30
8/1/1929,30.10
7/1/1929,28.48
6/1/1929,26.15
5/1/1929,25.66
4/1/1929,25.28
3/1/1929,25.43
2/1/1929,24.99
1/1/1929,24.86
12/1/1928,23.15
11/1/1928,23.06
10/1/1928,21.60
9/1/1928,21.17
8/1/1928,19.78
7/1/1928,19.16
6/1/1928,19.02
5/1/1928,20.00
4/1/1928,19.40
3/1/1928,18.25
2/1/1928,17.32
1/1/1928,17.53
12/1/1927,17.46
11/1/1927,17.06
10/1/1927,16.68
9/1/1927,16.94
8/1/1927,16.03
7/1/1927,15.22
6/1/1927,14.89
5/1/1927,14.70
4/1/1927,14.21
3/1/1927,13.87
2/1/1927,13.66
1/1/1927,13.40
12/1/1926,13.49
11/1/1926,13.19
10/1/1926,13.02
9/1/1926,13.32
8/1/1926,13.12
7/1/1926,12.62
6/1/1926,12.11
5/1/1926,11.56
4/1/1926,11.48
3/1/1926,11.81
2/1/1926,12.67
1/1/1926,12.65
12/1/1925,12.46
11/1/1925,12.26
10/1/1925,11.89
9/1/1925,11.51
8/1/1925,11.25
7/1/1925,11.10
6/1/1925,10.80
5/1/1925,10.61
4/1/1925,10.28
3/1/1925,10.39
2/1/1925,10.67
1/1/1925,10.58
12/1/1924,10.16
11/1/1924,9.64
10/1/1924,9.13
9/1/1924,9.25
8/1/1924,9.34
7/1/1924,9.03
6/1/1924,8.63
5/1/1924,8.47
4/1/1924,8.50
3/1/1924,8.70
2/1/1924,8.87
1/1/1924,8.83
12/1/1923,8.55
11/1/1923,8.27
10/1/1923,8.03
9/1/1923,8.15
8/1/1923,8.10
7/1/1923,8.06
6/1/1923,8.34
5/1/1923,8.67
4/1/1923,9.10
3/1/1923,9.43
2/1/1923,9.28
1/1/1923,8.90
12/1/1922,8.78
11/1/1922,8.80
10/1/1922,9.26
9/1/1922,9.06
8/1/1922,8.83
7/1/1922,8.51
6/1/1922,8.45
5/1/1922,8.53
4/1/1922,8.21
3/1/1922,7.74
2/1/1922,7.46
1/1/1922,7.30
12/1/1921,7.31
11/1/1921,7.06
10/1/1921,6.70
9/1/1921,6.61
8/1/1921,6.45
7/1/1921,6.53
6/1/1921,6.55
5/1/1921,7.12
4/1/1921,6.91
3/1/1921,6.88
2/1/1921,7.06
1/1/1921,7.11
12/1/1920,6.81
11/1/1920,7.48
10/1/1920,7.88
9/1/1920,7.87
8/1/1920,7.60
7/1/1920,7.91
6/1/1920,7.92
5/1/1920,8.06
4/1/1920,8.60
3/1/1920,8.67
2/1/1920,8.10
1/1/1920,8.83
12/1/1919,8.92
11/1/1919,9.19
10/1/1919,9.47
9/1/1919,9.01
8/1/1919,8.87
7/1/1919,9.51
6/1/1919,9.21
5/1/1919,8.97
4/1/1919,8.39
3/1/1919,8.12
2/1/1919,7.88
1/1/1919,7.85
12/1/1918,7.90
11/1/1918,8.06
10/1/1918,7.86
9/1/1918,7.54
8/1/1918,7.58
7/1/1918,7.51
6/1/1918,7.45
5/1/1918,7.44
4/1/1918,7.21
3/1/1918,7.28
2/1/1918,7.43
1/1/1918,7.21
12/1/1917,6.80
11/1/1917,7.04
10/1/1917,7.68
9/1/1917,8.12
8/1/1917,8.53
7/1/1917,8.79
6/1/1917,9.04
5/1/1917,8.86
4/1/1917,9.17
3/1/1917,9.31
2/1/1917,9.03
1/1/1917,9.57
12/1/1916,9.80
11/1/1916,10.21
10/1/1916,9.98
9/1/1916,9.68
8/1/1916,9.30
7/1/1916,9.23
6/1/1916,9.36
5/1/1916,9.27
4/1/1916,9.07
3/1/1916,9.17
2/1/1916,9.20
1/1/1916,9.33
12/1/1915,9.48
11/1/1915,9.46
10/1/1915,9.14
9/1/1915,8.66
8/1/1915,8.35
7/1/1915,8.01
6/1/1915,8.04
5/1/1915,7.95
4/1/1915,8.14
3/1/1915,7.57
2/1/1915,7.38
1/1/1915,7.48
12/1/1914,7.35
11/1/1914,7.68
10/1/1914,7.68
9/1/1914,7.68
8/1/1914,7.68
7/1/1914,7.68
6/1/1914,8.13
5/1/1914,8.17
4/1/1914,8.12
3/1/1914,8.32
2/1/1914,8.48
1/1/1914,8.37
12/1/1913,8.04
11/1/1913,8.05
10/1/1913,8.26
9/1/1913,8.53
8/1/1913,8.45
7/1/1913,8.23
6/1/1913,8.12
5/1/1913,8.55
4/1/1913,8.79
3/1/1913,8.80
2/1/1913,8.97
1/1/1913,9.30
12/1/1912,9.38
11/1/1912,9.73
10/1/1912,9.84
9/1/1912,9.86
8/1/1912,9.81
7/1/1912,9.59
6/1/1912,9.58
5/1/1912,9.58
4/1/1912,9.59
3/1/1912,9.30
2/1/1912,9.04
1/1/1912,9.12
12/1/1911,9.11
11/1/1911,9.07
10/1/1911,8.72
9/1/1911,8.67
8/1/1911,9.17
7/1/1911,9.63
6/1/1911,9.67
5/1/1911,9.48
4/1/1911,9.28
3/1/1911,9.32
2/1/1911,9.43
1/1/1911,9.27
12/1/1910,9.05
11/1/1910,9.31
10/1/1910,9.32
9/1/1910,8.91
8/1/1910,8.85
7/1/1910,8.64
6/1/1910,9.10
5/1/1910,9.56
4/1/1910,9.72
3/1/1910,9.96
2/1/1910,9.72
1/1/1910,10.08
12/1/1909,10.30
11/1/1909,10.18
10/1/1909,10.23
9/1/1909,10.19
8/1/1909,10.18
7/1/1909,9.94
6/1/1909,9.80
5/1/1909,9.63
4/1/1909,9.32
3/1/1909,8.92
2/1/1909,8.80
1/1/1909,9.06
12/1/1908,9.03
11/1/1908,8.83
10/1/1908,8.27
9/1/1908,8.17
8/1/1908,8.26
7/1/1908,7.92
6/1/1908,7.64
5/1/1908,7.63
4/1/1908,7.24
3/1/1908,6.87
2/1/1908,6.60
1/1/1908,6.85
12/1/1907,6.57
11/1/1907,6.25
10/1/1907,6.64
9/1/1907,7.45
8/1/1907,7.53
7/1/1907,8.14
6/1/1907,7.84
5/1/1907,8.10
4/1/1907,8.39
3/1/1907,8.35
2/1/1907,9.26
1/1/1907,9.56
12/1/1906,9.84
11/1/1906,9.93
10/1/1906,9.73
9/1/1906,10.03
8/1/1906,9.73
7/1/1906,9.06
6/1/1906,9.30
5/1/1906,9.18
4/1/1906,9.43
3/1/1906,9.56
2/1/1906,9.80
1/1/1906,9.87
12/1/1905,9.54
11/1/1905,9.31
10/1/1905,9.36
9/1/1905,9.23
8/1/1905,9.20
7/1/1905,8.87
6/1/1905,8.60
5/1/1905,8.50
4/1/1905,8.94
3/1/1905,9.05
2/1/1905,8.80
1/1/1905,8.43
12/1/1904,8.25
11/1/1904,8.17
10/1/1904,7.75
9/1/1904,7.32
8/1/1904,7.01
7/1/1904,6.78
6/1/1904,6.51
5/1/1904,6.50
4/1/1904,6.64
3/1/1904,6.48
2/1/1904,6.50
1/1/1904,6.68
12/1/1903,6.57
11/1/1903,6.28
10/1/1903,6.26
9/1/1903,6.47
8/1/1903,6.63
7/1/1903,6.85
6/1/1903,7.18
5/1/1903,7.60
4/1/1903,7.75
3/1/1903,8.08
2/1/1903,8.41
1/1/1903,8.46
12/1/1902,8.05
11/1/1902,8.24
10/1/1902,8.57
9/1/1902,8.85
8/1/1902,8.83
7/1/1902,8.60
6/1/1902,8.41
5/1/1902,8.46
4/1/1902,8.48
3/1/1902,8.20
2/1/1902,8.19
1/1/1902,8.12
12/1/1901,7.95
11/1/1901,8.08
10/1/1901,7.91
9/1/1901,8.00
8/1/1901,8.04
7/1/1901,7.93
6/1/1901,8.50
5/1/1901,7.73
4/1/1901,8.14
3/1/1901,7.51
2/1/1901,7.25
1/1/1901,7.07
12/1/1900,6.87
11/1/1900,6.48
10/1/1900,6.01
9/1/1900,5.80
8/1/1900,5.94
7/1/1900,5.86
6/1/1900,5.86
5/1/1900,6.04
4/1/1900,6.34
3/1/1900,6.26
2/1/1900,6.21
1/1/1900,6.10
12/1/1899,6.02
11/1/1899,6.46
10/1/1899,6.34
9/1/1899,6.37
8/1/1899,6.44
7/1/1899,6.28
6/1/1899,6.07
5/1/1899,6.21
4/1/1899,6.48
3/1/1899,6.40
2/1/1899,6.31
1/1/1899,6.08
12/1/1898,5.65
11/1/1898,5.32
10/1/1898,5.15
9/1/1898,5.26
8/1/1898,5.27
7/1/1898,5.08
6/1/1898,5.06
5/1/1898,4.87
4/1/1898,4.57
3/1/1898,4.65
2/1/1898,4.87
1/1/1898,4.88
12/1/1897,4.75
11/1/1897,4.65
10/1/1897,4.82
9/1/1897,4.98
8/1/1897,4.75
7/1/1897,4.46
6/1/1897,4.27
5/1/1897,4.08
4/1/1897,4.06
3/1/1897,4.19
2/1/1897,4.18
1/1/1897,4.22
12/1/1896,4.22
11/1/1896,4.38
10/1/1896,4.10
9/1/1896,4.01
8/1/1896,3.81
7/1/1896,4.04
6/1/1896,4.32
5/1/1896,4.40
4/1/1896,4.42
3/1/1896,4.38
2/1/1896,4.45
1/1/1896,4.27
12/1/1895,4.32
11/1/1895,4.59
10/1/1895,4.75
9/1/1895,4.82
8/1/1895,4.79
7/1/1895,4.72
6/1/1895,4.70
5/1/1895,4.61
4/1/1895,4.37
3/1/1895,4.19
2/1/1895,4.19
1/1/1895,4.25
12/1/1894,4.30
11/1/1894,4.34
10/1/1894,4.34
9/1/1894,4.48
8/1/1894,4.41
7/1/1894,4.25
6/1/1894,4.34
5/1/1894,4.40
4/1/1894,4.57
3/1/1894,4.51
2/1/1894,4.38
1/1/1894,4.32
12/1/1893,4.41
11/1/1893,4.57
10/1/1893,4.50
9/1/1893,4.37
8/1/1893,4.08
7/1/1893,4.18
6/1/1893,4.61
5/1/1893,4.84
4/1/1893,5.31
3/1/1893,5.31
2/1/1893,5.51
1/1/1893,5.61
12/1/1892,5.51
11/1/1892,5.57
10/1/1892,5.59
9/1/1892,5.48
8/1/1892,5.62
7/1/1892,5.54
6/1/1892,5.54
5/1/1892,5.57
4/1/1892,5.57
3/1/1892,5.58
2/1/1892,5.52
1/1/1892,5.51
12/1/1891,5.41
11/1/1891,5.25
10/1/1891,5.33
9/1/1891,5.33
8/1/1891,4.93
7/1/1891,4.77
6/1/1891,4.85
5/1/1891,4.95
4/1/1891,4.97
3/1/1891,4.81
2/1/1891,4.90
1/1/1891,4.84
12/1/1890,4.60
11/1/1890,4.71
10/1/1890,5.08
9/1/1890,5.32
8/1/1890,5.41
7/1/1890,5.54
6/1/1890,5.58
5/1/1890,5.62
4/1/1890,5.39
3/1/1890,5.28
2/1/1890,5.32
1/1/1890,5.38
12/1/1889,5.32
11/1/1889,5.35
10/1/1889,5.40
9/1/1889,5.50
8/1/1889,5.37
7/1/1889,5.30
6/1/1889,5.41
5/1/1889,5.32
4/1/1889,5.18
3/1/1889,5.19
2/1/1889,5.30
1/1/1889,5.24
12/1/1888,5.14
11/1/1888,5.24
10/1/1888,5.35
9/1/1888,5.38
8/1/1888,5.25
7/1/1888,5.14
6/1/1888,5.01
5/1/1888,5.17
4/1/1888,5.10
3/1/1888,5.08
2/1/1888,5.28
1/1/1888,5.31
12/1/1887,5.27
11/1/1887,5.30
10/1/1887,5.20
9/1/1887,5.38
8/1/1887,5.45
7/1/1887,5.59
6/1/1887,5.73
5/1/1887,5.90
4/1/1887,5.80
3/1/1887,5.67
2/1/1887,5.54
1/1/1887,5.58
12/1/1886,5.64
11/1/1886,5.79
10/1/1886,5.65
9/1/1886,5.51
8/1/1886,5.37
7/1/1886,5.33
6/1/1886,5.25
5/1/1886,5.02
4/1/1886,5.12
3/1/1886,5.19
2/1/1886,5.30
1/1/1886,5.20
12/1/1885,5.20
11/1/1885,5.24
10/1/1885,4.92
9/1/1885,4.65
8/1/1885,4.71
7/1/1885,4.46
6/1/1885,4.30
5/1/1885,4.32
4/1/1885,4.37
3/1/1885,4.38
2/1/1885,4.37
1/1/1885,4.24
12/1/1884,4.34
11/1/1884,4.35
10/1/1884,4.44
9/1/1884,4.59
8/1/1884,4.74
7/1/1884,4.46
6/1/1884,4.46
5/1/1884,4.65
4/1/1884,5.06
3/1/1884,5.30
2/1/1884,5.32
1/1/1884,5.18
12/1/1883,5.34
11/1/1883,5.46
10/1/1883,5.38
9/1/1883,5.53
8/1/1883,5.47
7/1/1883,5.73
6/1/1883,5.82
5/1/1883,5.77
4/1/1883,5.87
3/1/1883,5.75
2/1/1883,5.68
1/1/1883,5.81
12/1/1882,5.84
11/1/1882,5.81
10/1/1882,6.07
9/1/1882,6.24
8/1/1882,6.18
7/1/1882,6.00
6/1/1882,5.68
5/1/1882,5.71
4/1/1882,5.78
3/1/1882,5.78
2/1/1882,5.79
1/1/1882,5.92
12/1/1881,6.01
11/1/1881,6.19
10/1/1881,6.15
9/1/1881,6.25
8/1/1881,6.20
7/1/1881,6.35
6/1/1881,6.58
5/1/1881,6.50
4/1/1881,6.22
3/1/1881,6.24
2/1/1881,6.17
1/1/1881,6.19
12/1/1880,5.84
11/1/1880,5.61
10/1/1880,5.33
9/1/1880,5.18
8/1/1880,5.19
7/1/1880,5.01
6/1/1880,4.79
5/1/1880,4.77
4/1/1880,5.18
3/1/1880,5.30
2/1/1880,5.20
1/1/1880,5.11
12/1/1879,4.92
11/1/1879,4.93
10/1/1879,4.68
9/1/1879,4.22
8/1/1879,4.07
7/1/1879,4.04
6/1/1879,3.96
5/1/1879,3.94
4/1/1879,3.77
3/1/1879,3.65
2/1/1879,3.71
1/1/1879,3.58
12/1/1878,3.45
11/1/1878,3.47
10/1/1878,3.48
9/1/1878,3.52
8/1/1878,3.45
7/1/1878,3.48
6/1/1878,3.41
5/1/1878,3.34
4/1/1878,3.33
3/1/1878,3.24
2/1/1878,3.18
1/1/1878,3.25
12/1/1877,3.25
11/1/1877,3.26
10/1/1877,3.31
9/1/1877,3.24
8/1/1877,3.05
7/1/1877,2.85
6/1/1877,2.73
5/1/1877,2.94
4/1/1877,2.94
3/1/1877,3.17
2/1/1877,3.34
1/1/1877,3.55
12/1/1876,3.58
11/1/1876,3.60
10/1/1876,3.67
9/1/1876,3.69
8/1/1876,3.93
7/1/1876,4.10
6/1/1876,4.15
5/1/1876,4.18
4/1/1876,4.34
3/1/1876,4.51
2/1/1876,4.52
1/1/1876,4.46
12/1/1875,4.37
11/1/1875,4.37
10/1/1875,4.30
9/1/1875,4.37
8/1/1875,4.41
7/1/1875,4.39
6/1/1875,4.38
5/1/1875,4.47
4/1/1875,4.65
3/1/1875,4.59
2/1/1875,4.53
1/1/1875,4.54
12/1/1874,4.54
11/1/1874,4.57
10/1/1874,4.53
9/1/1874,4.54
8/1/1874,4.47
7/1/1874,4.46
6/1/1874,4.46
5/1/1874,4.48
4/1/1874,4.60
3/1/1874,4.73
2/1/1874,4.80
1/1/1874,4.66
12/1/1873,4.42
11/1/1873,4.04
10/1/1873,4.19
9/1/1873,4.59
8/1/1873,4.97
7/1/1873,4.97
6/1/1873,4.98
5/1/1873,5.05
4/1/1873,5.04
3/1/1873,5.11
2/1/1873,5.15
1/1/1873,5.11
12/1/1872,5.07
11/1/1872,4.95
10/1/1872,4.97
9/1/1872,4.95
8/1/1872,5.04
7/1/1872,5.10
6/1/1872,5.13
5/1/1872,5.18
4/1/1872,5.18
3/1/1872,5.04
2/1/1872,4.88
1/1/1872,4.86
12/1/1871,4.74
11/1/1871,4.64
10/1/1871,4.59
9/1/1871,4.84
8/1/1871,4.79
7/1/1871,4.73
6/1/1871,4.82
5/1/1871,4.86
4/1/1871,4.74
3/1/1871,4.61
2/1/1871,4.50
1/1/1871,4.44
